,NegativePosts,PositivePosts,NeutralPosts,MixedPosts,userid,ope,con,ext,agr,neu,swl,CESD_sum
0,47,87,22,5,f8708568eff1535c85247b28dc126f9b,3.35,3.3,3.0,3.55,1.7,4.6,17
1,11,21,13,4,f49956142aab2ad74decfd49a103c2f1,3.45,3.05,2.4,3.5,3.45,3.2,21
2,12,2,9,1,ec3dc451b8a811f05ace158a0d76e32e,4.6,2.9,2.5,3.3,2.95,2.6,38
3,9,27,8,2,eaeabcfe25866f0455d349bae2450d88,4.0,2.35,2.0,4.05,3.45,2.2,43
4,5,18,6,1,e9970fe8848e9505b52d414d81611de8,4.55,3.25,3.5,3.3,3.0,3.4,34
5,7,17,13,3,e076953cd3fcf8927b8f21574c0890f3,4.75,2.5,2.8,3.5,2.35,4.0,26
6,3,14,9,2,dcbe08425f5edef5e5c1053f21e83640,3.65,3.2,2.35,3.9,3.95,4.6,21
7,14,17,13,3,db7f1b0130b2138e13b7bbca9cc63823,3.55,3.2,3.2,3.35,2.9,4.4,14
8,6,15,8,3,d5380466e18422d7b2c2d54d57cbbde2,4.7,3.75,3.65,4.25,2.3,2.6,17
9,13,18,27,4,cfb021cfbff46ffdb75c7dcafe7c2087,3.85,2.8,3.3,3.2,4.35,4.8,25
10,6,17,9,1,cea00424ced413c108d878b1a14f3316,3.95,4.25,2.35,3.85,2.55,6.6,7
11,33,32,21,7,cd86d1e6d68c3770eaec0db419dceb2f,4.6,2.9,3.32,3.35,3.5,2.2,34
12,12,41,2,3,c70b15854118907c8f0a234e2ba44bbc,4.45,4.55,3.8,3.9,2.8,2.0,13
13,39,100,6,4,c0289bdb4cd4eda90653b2c84af61e03,4.2,3.55,4.3,3.75,3.9,5.8,20
14,9,8,10,0,b6f1257ff213585723c66e253d2b92f7,4.1,2.9,3.15,3.35,3.3,4.6,17
15,20,22,8,3,b5efdb17945bc5ac2504e6c0c70f41b1,4.45,2.6,1.95,1.85,4.15,2.2,29
16,12,19,9,2,b15cf300b5693210682e36cfe5f9789b,4.15,1.5,2.1,3.85,3.5,2.2,34
17,8,11,2,3,b121d90e407cd597da17491f36e7b2c5,3.75,3.75,1.9,4.3,2.05,5.4,7
18,5,23,8,1,aed86a3085a364f5484679649f064467,4.79,2.14,3.71,3.36,2.5,3.2,6
19,9,31,7,2,a8b2c778af65ca2c46306554f338cacb,4.25,4.6,4.35,2.5,1.25,3.0,19
20,0,25,2,0,a7a3af125074cb806a200f51ea7e10bf,4.2,3.1,4.5,4.3,4.4,1.8,38
21,26,23,12,3,a504bfd98bdc8e7a61edcfe8c4e2a801,3.25,3.35,3.3,3.2,3.25,5.4,36
22,15,28,17,0,968157017daec34ee86050fe9bd72293,4.15,2.9,2.85,3.55,4.25,3.8,31
23,4,15,2,0,9138a4af7fa7a5c5bf363d867ff6c56c,4.9,3.8,3.9,3.85,2.15,5.0,15
24,28,22,28,1,8ff6192bbbb717c36097b33e244d91de,3.75,3.55,2.05,3.7,3.25,4.0,31
25,35,71,16,40,8c393982479748c5a53acaa7a3717c71,3.65,2.7,2.7,3.45,4.55,2.0,41
26,9,15,1,0,8b6ceafaf2ea6bd34f26ff463156363c,3.4,2.95,4.4,2.3,2.8,4.0,7
27,7,4,14,1,8a1c6e4eb35abbf1ae252628fca46cdb,4.35,1.6,1.6,2.7,3.45,3.2,13
28,14,3,13,0,87ab3ba2cf5dd6ef4f4807a754dd968b,4.45,3.05,4.1,2.63,2.25,5.0,31
29,10,15,13,2,83b42f70e17daecbc41b785c2b9ce869,4.15,3.3,3.3,3.55,2.95,3.0,27
30,42,55,52,18,82e932005d8c94bb93bcb54fa19f421c,3.7,1.9,2.45,4.55,3.0,3.0,31
31,20,13,9,7,7e450a79b8bacd420727a5dd9305f8d8,4.3,3.25,3.35,4.2,1.95,3.0,13
32,16,15,11,3,748b929276449add1cb3bb5985e85fa1,4.5,3.75,4.55,4.7,1.2,6.8,5
33,13,14,18,4,7175a46eaf9d0a6e00c562bfaa614360,4.0,2.85,2.8,3.5,3.85,2.4,40
34,9,12,3,0,6665bcd5e5324938fdbb5ea467fb5e3f,3.95,3.2,3.65,3.15,3.65,5.0,28
35,6,17,3,4,66495ec54feb9e2399db05a67a80f2c6,3.7,3.35,2.65,3.85,1.65,5.6,16
36,6,11,1,5,64463aa93c9145fa0724a9e89ea7be2a,4.95,4.5,3.45,4.85,1.05,6.4,2
37,16,15,14,8,61e7f6145fd03d709cabbde3faf33412,4.65,3.85,3.4,3.7,2.35,6.0,16
38,15,6,21,1,5fcf46eb6809a240af3ab9bcb4f2b92f,3.7,2.3,3.25,3.2,1.65,5.6,25
39,22,12,30,5,5cc136477bfe3fcfe809dc451e4243ef,3.8,4.3,2.35,3.25,1.6,4.2,16
40,7,1,9,3,5c31d7d80e78643cd5289acec0561d77,4.0,2.55,2.7,3.85,3.7,4.6,34
41,6,6,7,2,5b1eb32579450829ec8faab4d3472ffb,4.1,4.05,2.3,3.2,3.5,3.2,25
42,5,8,4,4,57118d9a71e91b6568471ffbd7077415,4.8,3.2,4.25,3.45,2.55,3.6,14
43,19,17,24,12,55a72284594fdda49b22a6610b9b91d6,4.0,3.15,2.8,3.6,2.89,5.4,21
44,12,9,14,6,4d7ae0617845c6b30eb85b55a991f4c5,4.65,4.15,2.25,4.6,3.05,3.2,22
45,12,14,1,1,49fb9fce8f4dc022318b8cd432aad8b6,3.75,2.75,4.25,4.75,4.0,3.0,32
46,27,40,37,7,4908adae6cf09defb838925defcc5e61,4.8,3.5,4.7,4.05,3.4,5.4,15
47,36,25,29,4,4764518d32334248e6ebbf681a18fd0c,4.3,3.9,1.3,1.6,4.35,3.0,23
48,6,15,13,0,41ef345410ba421410cb4d09c331aec3,3.15,4.45,1.65,4.6,2.8,6.6,32
49,13,10,15,2,4104c0b8700d519d1661c8a59b065363,4.85,1.95,2.2,2.7,4.05,2.8,47
50,10,8,3,1,3e6f69fc89da71e8237c717ac218677b,4.11,1.75,2.8,4.35,4.2,3.6,30
51,25,17,15,2,3ac58ad39d81acfe169aadc4815effe6,3.85,4.05,2.95,2.55,3.45,4.0,24
52,50,61,19,12,39b2af957c2488970cb89c161b6bf94e,4.4,3.55,2.85,3.35,3.75,5.6,27
53,11,26,44,5,30723e9e5ecfe6d20e5e67d1163e3965,4.75,2.35,3.55,3.55,1.7,5.0,3
54,21,11,12,5,2fba0f9dccc84f3516d8b553426af527,3.75,3.9,2.65,3.75,2.74,5.6,33
55,17,15,15,2,2dca898dfbdae6716a587adbfd99c542,4.25,4.1,4.75,3.85,2.05,6.0,9
56,98,49,44,14,2a9b90b41e9399bb331fef2582f657c3,4.0,2.85,2.55,2.5,3.6,2.6,35
57,2,15,9,6,29cda473b52e1c75fbfe958ed3aec565,3.3,3.85,2.7,3.5,3.45,5.6,43
58,17,10,24,6,2549774d68d7ccbcba069afb45c7e237,4.9,2.9,4.0,4.05,2.65,5.6,19
59,4,23,6,4,23cbbe03a89344129e1a6d8419a66d23,4.6,3.0,4.05,4.5,3.15,3.6,28
60,5,18,9,2,1e84bfe1c9bbd549913aad1bc57c8878,4.55,4.5,4.5,3.75,1.65,6.2,5
61,9,12,12,3,1c1a61d11a10f9fa967f250095792db3,4.55,2.4,3.35,2.65,2.7,4.8,41
62,10,4,2,6,193165601dfad67e79ef52b2caf9fd9e,4.0,3.5,4.25,4.05,2.9,5.8,10
63,21,9,17,4,1789589a6d2bba0f09d768f8f3445be5,4.17,3.55,3.05,3.53,2.45,1.4,31
64,5,12,14,6,0e3fdb89c7706b13891170ab2a9017c7,4.8,3.15,2.85,4.5,1.85,6.0,4
65,12,16,4,1,0c5d06511ef79fba34da417e8c751fff,4.65,3.15,3.28,4.2,2.4,4.8,37
66,22,29,6,3,0b12516100c16f779b152858619786ff,4.0,3.8,2.55,2.75,4.2,5.6,30
67,12,13,12,4,088bf0ed841bcc366475b3975eb1b9d2,4.5,2.1,1.9,2.6,4.65,2.4,48
68,20,15,13,0,0724fe854bd455061ba84efecdeff469,4.8,3.55,3.0,2.95,3.15,6.4,6
69,13,17,12,5,009d96a823b6f6c085c092fb177491f6,4.75,1.9,3.6,3.25,2.6,2.6,33
